강좌코드, 강좌제목, 강사명, 개강일, 종강일, 수강신청자 수
M01D72, HTML과 드림위버, 권강사, 2015-11-01, 2015-11-07, 0
M01H71, HTML5, 김강사, 2014-09-25, 2014-10-01, 0
M02I33, 일러스트레이터, 조강사, 2015-10-06, 2015-10-12, 0
M02P80, 웹표준 퍼블리싱, 우강사, 2016-05-07, 2018-03-10, 0
M03J99, jQuery, 유강사, 2014-07-21, 2014-07-27, 0
M03S88, 포토샵, 함강사, 2013-04-11, 2013-04-17, 0
M04P91, Interactive Portfolio, 이강사, 2015-07-02, 2015-07-08, 0
M22Q99, J-Query & JavaScript, 최강사, 2016-02-15, 2016-02-20, 0
M57W81, 웹표준＆접근성, 손강사, 2016-03-10, 2016-03-13, 0
WLSaP, 테스트, awetjh, 2016-06-01, 2016-06-08, 1
